SKuCode,Categorycode,UpadatedBy
2101111020,Div.10
2101111040,Div.10
2110112100,Div.10
2110112200,Div.10
2110112800,Div.10
2110112900,Div.10
2110512100,Div.10
2110512200,Div.10
2110512800,Div.10
2110512900,Div.10
211111110,Div.10
211111120,Div.10
211111140,Div.10
211111210,Div.10
2111112100,Div.10
211111220,Div.10
2111112200,Div.10
211111240,Div.10
2111112800,Div.10
2111112900,Div.10
211111310,Div.10
211111320,Div.10
211111340,Div.10
211111410,Div.10
211111420,Div.10
211111440,Div.10
211111510,Div.10
211111520,Div.10
211111540,Div.10
211111610,Div.10
211111620,Div.10
211111640,Div.10
2112112205,Div.10
2112112305,Div.10
2112112405,Div.10
2113112100,Div.10
2113112200,Div.10
211511110,Div.10
211511120,Div.10
211511140,Div.10
211511210,Div.10
2115112100,Div.10
211511220,Div.10
2115112200,Div.10
211511240,Div.10
2115112800,Div.10
2115112900,Div.10
211511310,Div.10
211511320,Div.10
211511340,Div.10
211511410,Div.10
211511420,Div.10
211511440,Div.10
216112117,Div.10
216112217,Div.10
216112317,Div.10
216112417,Div.10
216112517,Div.10
216112617,Div.10
217111113,Div.10
217111213,Div.10
2205171,Div.10
224112130,Div.10
224112230,Div.10
224112330,Div.10
224112430,Div.10
224112530,Div.10
224112630,Div.10
224512130,Div.10
224512230,Div.10
224512330,Div.10
224512430,Div.10
228132050,Div.10
4804257,Div.10
4804260,Div.10
4804283,Div.10
4804284,Div.10
4807259,Div.10
4813154,Div.10
4814501,Div.10
4897241,Div.10
4897243,Div.10
4897267,Div.10
4899223,Div.10
4899226,Div.10
4899238,Div.10
4899240,Div.10
4899249,Div.10
4899314,Div.10
4899877,Div.10
4903345,Div.10
4907326,Div.10
4907327,Div.10
4999317,Div.10
5017001,Div.10
5099422,Div.10
5099427,Div.10
5119333,Div.10
5119385,Div.10
5119393,Div.10
5138016,Div.10
5138369,Div.10
5138385,Div.10
5205170,Div.10
5247470,Div.10
5247479,Div.10
5247484,Div.10
5247488,Div.10
5247495,Div.10
5248015,Div.10
5248480,Div.10
5248482,Div.10
5248491,Div.10
5249109,Div.10
5249465,Div.10
5249479,Div.10
5249488,Div.10
5601000,Div.10
5606000,Div.10
5608000,Div.10
5610000,Div.10
5614000,Div.10
5615000,Div.10
5618000,Div.10
5619000,Div.10
5624000,Div.10
5631829,Div.10
5634000,Div.10
5636000,Div.10
6707058,Div.10
6709059,Div.10
6784147,Div.10
6784150,Div.10
6785133,Div.10
6785140,Div.10
6790134,Div.10
6790136,Div.10
6791133,Div.10
6792133,Div.10
6800114,Div.10
6805112,Div.10
6805132,Div.10
6805133,Div.10
6805135,Div.10
6805154,Div.10
6805170,Div.10
6805171,Div.10
6805173,Div.10
6805176,Div.10
6805179,Div.10
6805302,Div.10
6805315,Div.10
6807037,Div.10
6807055,Div.10
6807122,Div.10
6807125,Div.10
6807130,Div.10
6807132,Div.10
6807133,Div.10
6807141,Div.10
6807155,Div.10
6807157,Div.10
6807170,Div.10
6807174,Div.10
6807180,Div.10
6807212,Div.10
6807235,Div.10
6807303,Div.10
6807316,Div.10
6807340,Div.10
6807341,Div.10
6807438,Div.10
6809101,Div.10
6809142,Div.10
6809156,Div.10
6809171,Div.10
6809175,Div.10
6809181,Div.10
6820102,Div.10
6820125,Div.10
6820140,Div.10
6820143,Div.10
6820153,Div.10
6820158,Div.10
6820182,Div.10
6840116,Div.10
6840337,Div.10
7084035,Div.10
7084042,Div.10
7084043,Div.10
7084278,Div.10
7084281,Div.10
7085009,Div.10
7085031,Div.10
7085155,Div.10
7085169,Div.10
7085279,Div.10
7087826,Div.10
7090084,Div.10
7090829,Div.10
7109016,Div.10
7109018,Div.10
7109175,Div.10
7109369,Div.10
7123016,Div.10
7123018,Div.10
7123175,Div.10
7123369,Div.10
7138016,Div.10
7138018,Div.10
7138175,Div.10
7138369,Div.10
7202016,Div.10
7202018,Div.10
7202175,Div.10
7202369,Div.10
7205193,Div.10
7205194,Div.10
7205195,Div.10
7212018,Div.10
7212175,Div.10
7212283,Div.10
7212341,Div.10
7212486,Div.10
7217016,Div.10
7217018,Div.10
7217175,Div.10
7217369,Div.10
7219016,Div.10
7219018,Div.10
7219175,Div.10
7219369,Div.10
7221016,Div.10
7221018,Div.10
7221175,Div.10
7221369,Div.10
7247016,Div.10
7247018,Div.10
7247175,Div.10
7247369,Div.10
7264016,Div.10
7264018,Div.10
7264175,Div.10
7264283,Div.10
7264341,Div.10
7264369,Div.10
7264478,Div.10
7264486,Div.10
7268001,Div.10
7268016,Div.10
7268018,Div.10
7268175,Div.10
7268369,Div.10
7269001,Div.10
7270002,Div.10
7270016,Div.10
7270018,Div.10
7270175,Div.10
7270369,Div.10
7272018,Div.10
7272175,Div.10
7272478,Div.10
7272486,Div.10
7277251,Div.10
7277451,Div.10
7277616,Div.10
7277618,Div.10
7277669,Div.10
7277675,Div.10
7277678,Div.10
7277686,Div.10
7287001,Div.10
7287018,Div.10
7287130,Div.10
7287133,Div.10
7287135,Div.10
7287136,Div.10
7289001,Div.10
7289016,Div.10
7289018,Div.10
7289130,Div.10
7289175,Div.10
7289369,Div.10
7298871,Div.10
7298872,Div.10
7298874,Div.10
7309016,Div.10
7309018,Div.10
7309175,Div.10
7309369,Div.10
7323016,Div.10
7323018,Div.10
7446451,Div.10
7601451,Div.10
7602451,Div.10
7603451,Div.10
7604016,Div.10
7604175,Div.10
7604369,Div.10
7604451,Div.10
7605016,Div.10
7605175,Div.10
7605369,Div.10
7605451,Div.10
7612016,Div.10
7612175,Div.10
7612369,Div.10
7612451,Div.10
7623016,Div.10
7623175,Div.10
7623369,Div.10
7623451,Div.10
7638016,Div.10
7638175,Div.10
7638369,Div.10
7638451,Div.10
7646251,Div.10
7700198,Div.10
7704031,Div.10
7709199,Div.10
7787203,Div.10
7788153,Div.10
7789201,Div.10
7789201,Div.10
7817216,Div.10
7817217,Div.10
7828216,Div.10
7828217,Div.10
7834216,Div.10
7834217,Div.10
7841216,Div.10
7841217,Div.10
8004026,Div.10
8008070,Div.10
8008208,Div.10
8008215,Div.10
8008275,Div.10
8011276,Div.10
8017387,Div.10
8022388,Div.10
8023386,Div.10
8030385,Div.10
8111500,Div.10
8200905,Div.10
8202233,Div.10
8212202,Div.10
8223201,Div.10
8246201,Div.10
8647108,Div.10
8647110,Div.10
8655108,Div.10
8655110,Div.10
9240016,Div.10
9240018,Div.10
9240175,Div.10
9240369,Div.10
9900064,Div.10
9900127,Div.10
9900146,Div.10
9900206,Div.10
9900332,Div.10
9900333,Div.10
9900344,Div.10
9900354,Div.10
9900355,Div.10
9900356,Div.10
9900378,Div.10
9900379,Div.10
9900501,Div.10
9900502,Div.10
9900783,Div.10
9900784,Div.10
3604502,Div.20
3604503,Div.20
3604504,Div.20
3605506,Div.20
3737507,Div.20
3738522,Div.20
3738524,Div.20
3739508,Div.20
3739510,Div.20
3739511,Div.20
3739515,Div.20
3806517,Div.20
3806518,Div.20
3806519,Div.20
3809520,Div.20
3818370,Div.20
3910519,Div.20
4002016,Div.20
4002018,Div.20
4002028,Div.20
4002175,Div.20
4002369,Div.20
4003679,Div.20
4018271,Div.20
4019272,Div.20
4024110,Div.20
4044524,Div.20
4044555,Div.20
4044556,Div.20
4044557,Div.20
4044607,Div.20
4044608,Div.20
4106311,Div.20
4120301,Div.20
4147299,Div.20
4147300,Div.20
4147320,Div.20
4192566,Div.20
4192567,Div.20
4193564,Div.20
4193588,Div.20
4194512,Div.20
4194524,Div.20
4194559,Div.20
4194560,Div.20
4194585,Div.20
4195466,Div.20
4195540,Div.20
4300033,Div.20
4310313,Div.20
4320512,Div.20
4329286,Div.20
4329319,Div.20
4329525,Div.20
4329536,Div.20
4329538,Div.20
4329540,Div.20
4329541,Div.20
4329542,Div.20
4329708,Div.20
4329945,Div.20
4335512,Div.20
4335524,Div.20
4386288,Div.20
4410312,Div.20
4410947,Div.20
4417347,Div.20
4426318,Div.20
4426371,Div.20
4431946,Div.20
4432539,Div.20
4433539,Div.20
4433541,Div.20
4433543,Div.20
4433685,Div.20
4434545,Div.20
4434555,Div.20
4435528,Div.20
4500131,Div.20
4506632,Div.20
4516269,Div.20
4517270,Div.20
4520634,Div.20
4521448,Div.20
4521546,Div.20
4522285,Div.20
4522294,Div.20
4522520,Div.20
4522547,Div.20
4522549,Div.20
4522552,Div.20
4522599,Div.20
4522944,Div.20
4523389,Div.20
4523390,Div.20
4523520,Div.20
4523555,Div.20
4523633,Div.20
4585289,Div.20
4629351,Div.20
4706517,Div.20
4706518,Div.20
4906514,Div.20
4917082,Div.20
4917159,Div.20
4917362,Div.20
4917501,Div.20
4923083,Div.20
4923363,Div.20
4923501,Div.20
4928016,Div.20
4928028,Div.20
4928133,Div.20
4928135,Div.20
4928136,Div.20
4928175,Div.20
4928306,Div.20
4928356,Div.20
4928369,Div.20
4928404,Div.20
4928478,Div.20
4928486,Div.20
4946115,Div.20
9306295,Div.20
9307296,Div.20
9307297,Div.20
9900503,Div.20
9900504,Div.20
9900953,Div.20
9900954,Div.20
1005011,Div.20 A
1005030,Div.20 A
1005032,Div.20 A
1005046,Div.20 A
1005123,Div.20 A
1005176,Div.20 A
1005235,Div.20 A
1005283,Div.20 A
1005469,Div.20 A
1005617,Div.20 A
1005633,Div.20 A
1005692,Div.20 A
1005702,Div.20 A
1005754,Div.20 A
1010016,Div.20 A
1010030,Div.20 A
1010031,Div.20 A
1010032,Div.20 A
1010056,Div.20 A
1010062,Div.20 A
1010071,Div.20 A
1010117,Div.20 A
1010153,Div.20 A
1010236,Div.20 A
101024,Div.20 A
1010241,Div.20 A
1010283,Div.20 A
1010351,Div.20 A
1010367,Div.20 A
1010391,Div.20 A
1010393,Div.20 A
1010436,Div.20 A
1010453,Div.20 A
1010478,Div.20 A
1010492,Div.20 A
1010617,Div.20 A
1010736,Div.20 A
1010754,Div.20 A
1011030,Div.20 A
102165,Div.20 A
102185,Div.20 A
102387,Div.20 A
102550,Div.20 A
102697,Div.20 A
102710,Div.20 A
1040030,Div.20 A
1050030,Div.20 A
1051210,Div.20 A
1051215,Div.20 A
105701,Div.20 A
1090093,Div.20 A
1090094,Div.20 A
111002,Div.20 A
1110030,Div.20 A
111007,Div.20 A
111008,Div.20 A
1110283,Div.20 A
111031,Div.20 A
111032,Div.20 A
111036,Div.20 A
111038,Div.20 A
111039,Div.20 A
111041,Div.20 A
111044,Div.20 A
111047,Div.20 A
111050,Div.20 A
111051,Div.20 A
111054,Div.20 A
111056,Div.20 A
111058,Div.20 A
111060,Div.20 A
1110617,Div.20 A
111063,Div.20 A
111064,Div.20 A
1110702,Div.20 A
111071,Div.20 A
111077,Div.20 A
111078,Div.20 A
111081,Div.20 A
111083,Div.20 A
111084,Div.20 A
111085,Div.20 A
1111016,Div.20 A
1111018,Div.20 A
1111028,Div.20 A
1111030,Div.20 A
1111031,Div.20 A
1111034,Div.20 A
111105,Div.20 A
1111053,Div.20 A
1111056,Div.20 A
1111062,Div.20 A
1111102,Div.20 A
1111117,Div.20 A
111117,Div.20 A
1111174,Div.20 A
1111182,Div.20 A
1111192,Div.20 A
1111193,Div.20 A
1111203,Div.20 A
1111222,Div.20 A
1111235,Div.20 A
111126,Div.20 A
111127,Div.20 A
111128,Div.20 A
1111283,Div.20 A
1111289,Div.20 A
1111317,Div.20 A
1111341,Div.20 A
1111345,Div.20 A
1111350,Div.20 A
1111351,Div.20 A
1111393,Div.20 A
1111396,Div.20 A
1111436,Div.20 A
111144,Div.20 A
1111451,Div.20 A
1111453,Div.20 A
1111478,Div.20 A
1111486,Div.20 A
111153,Div.20 A
1111601,Div.20 A
1111609,Div.20 A
1111688,Div.20 A
111171,Div.20 A
111172,Div.20 A
1111730,Div.20 A
1111744,Div.20 A
1111754,Div.20 A
1111759,Div.20 A
1111760,Div.20 A
111177,Div.20 A
111201,Div.20 A
111203,Div.20 A
111205,Div.20 A
111207,Div.20 A
111231,Div.20 A
111236,Div.20 A
111241,Div.20 A
111251,Div.20 A
111255,Div.20 A
111271,Div.20 A
111281,Div.20 A
111305,Div.20 A
111320,Div.20 A
111351,Div.20 A
111353,Div.20 A
111366,Div.20 A
111367,Div.20 A
111377,Div.20 A
111391,Div.20 A
111394,Div.20 A
111396,Div.20 A
111400,Div.20 A
111421,Div.20 A
111423,Div.20 A
111425,Div.20 A
111436,Div.20 A
111446,Div.20 A
111447,Div.20 A
111449,Div.20 A
111453,Div.20 A
111492,Div.20 A
111496,Div.20 A
111702,Div.20 A
1138016,Div.20 A
1138018,Div.20 A
1138028,Div.20 A
1138031,Div.20 A
1138053,Div.20 A
1138056,Div.20 A
1138062,Div.20 A
1138102,Div.20 A
1138117,Div.20 A
1138153,Div.20 A
1138175,Div.20 A
1138182,Div.20 A
1138192,Div.20 A
1138193,Div.20 A
1138235,Div.20 A
1138283,Div.20 A
1138351,Div.20 A
1138393,Div.20 A
1138396,Div.20 A
1138436,Div.20 A
1138448,Div.20 A
1138451,Div.20 A
1138453,Div.20 A
1138478,Div.20 A
1138486,Div.20 A
1138759,Div.20 A
119002,Div.20 A
119007,Div.20 A
119008,Div.20 A
1190190,Div.20 A
1190191,Div.20 A
1190192,Div.20 A
1190193,Div.20 A
119031,Div.20 A
119032,Div.20 A
119036,Div.20 A
119038,Div.20 A
119039,Div.20 A
119041,Div.20 A
119044,Div.20 A
119047,Div.20 A
119050,Div.20 A
119051,Div.20 A
119054,Div.20 A
119056,Div.20 A
119058,Div.20 A
119060,Div.20 A
119063,Div.20 A
119064,Div.20 A
119071,Div.20 A
119077,Div.20 A
119078,Div.20 A
119081,Div.20 A
119083,Div.20 A
119084,Div.20 A
119085,Div.20 A
119105,Div.20 A
119117,Div.20 A
119126,Div.20 A
119127,Div.20 A
119128,Div.20 A
119144,Div.20 A
119153,Div.20 A
119171,Div.20 A
119172,Div.20 A
119177,Div.20 A
119201,Div.20 A
119203,Div.20 A
119205,Div.20 A
119207,Div.20 A
119231,Div.20 A
119236,Div.20 A
119241,Div.20 A
119251,Div.20 A
119255,Div.20 A
119271,Div.20 A
119281,Div.20 A
119305,Div.20 A
119320,Div.20 A
119351,Div.20 A
119353,Div.20 A
119366,Div.20 A
119367,Div.20 A
119377,Div.20 A
119391,Div.20 A
119394,Div.20 A
119396,Div.20 A
119400,Div.20 A
119421,Div.20 A
119423,Div.20 A
119425,Div.20 A
119436,Div.20 A
119446,Div.20 A
119447,Div.20 A
119449,Div.20 A
119453,Div.20 A
119492,Div.20 A
119496,Div.20 A
1211062,Div.20 A
1211100,Div.20 A
1211102,Div.20 A
1211110,Div.20 A
1211128,Div.20 A
1211143,Div.20 A
1211239,Div.20 A
1211243,Div.20 A
1211393,Div.20 A
1211408,Div.20 A
1211451,Div.20 A
1211476,Div.20 A
1211751,Div.20 A
1214004,Div.20 A
1214025,Div.20 A
1214034,Div.20 A
1214042,Div.20 A
1214056,Div.20 A
1214058,Div.20 A
1214059,Div.20 A
1214074,Div.20 A
1214076,Div.20 A
1214084,Div.20 A
1214086,Div.20 A
1214089,Div.20 A
1214094,Div.20 A
1214097,Div.20 A
1214106,Div.20 A
1214108,Div.20 A
1214111,Div.20 A
1214118,Div.20 A
1214137,Div.20 A
1214142,Div.20 A
1214147,Div.20 A
1214149,Div.20 A
1214178,Div.20 A
1214180,Div.20 A
1214183,Div.20 A
1214184,Div.20 A
1214190,Div.20 A
1214191,Div.20 A
1214192,Div.20 A
1214214,Div.20 A
1214217,Div.20 A
1214242,Div.20 A
1214257,Div.20 A
1214263,Div.20 A
1214283,Div.20 A
1214285,Div.20 A
1214294,Div.20 A
1214317,Div.20 A
1214319,Div.20 A
1214320,Div.20 A
1214321,Div.20 A
1214322,Div.20 A
1214330,Div.20 A
1214331,Div.20 A
1214333,Div.20 A
1214337,Div.20 A
1214347,Div.20 A
1214362,Div.20 A
1214379,Div.20 A
1214380,Div.20 A
1214386,Div.20 A
1214395,Div.20 A
1214400,Div.20 A
1214422,Div.20 A
1214425,Div.20 A
1214426,Div.20 A
1214447,Div.20 A
1214459,Div.20 A
1214465,Div.20 A
1214468,Div.20 A
1214479,Div.20 A
1214481,Div.20 A
1214482,Div.20 A
1214483,Div.20 A
1214489,Div.20 A
1214491,Div.20 A
1214502,Div.20 A
1214505,Div.20 A
1214511,Div.20 A
1214526,Div.20 A
1214538,Div.20 A
1214540,Div.20 A
1214543,Div.20 A
1214544,Div.20 A
1214545,Div.20 A
1214548,Div.20 A
1214552,Div.20 A
1214554,Div.20 A
1214557,Div.20 A
1214558,Div.20 A
1214573,Div.20 A
1214576,Div.20 A
1214587,Div.20 A
1214599,Div.20 A
1214603,Div.20 A
1214617,Div.20 A
1214635,Div.20 A
1214637,Div.20 A
1214644,Div.20 A
1214646,Div.20 A
1214647,Div.20 A
1214648,Div.20 A
1214653,Div.20 A
1214655,Div.20 A
1214657,Div.20 A
1214667,Div.20 A
1214672,Div.20 A
1214674,Div.20 A
1214676,Div.20 A
1214678,Div.20 A
1214692,Div.20 A
1214706,Div.20 A
1214707,Div.20 A
1214708,Div.20 A
1214720,Div.20 A
1214721,Div.20 A
1214722,Div.20 A
1214724,Div.20 A
1214725,Div.20 A
1214726,Div.20 A
1214730,Div.20 A
1214731,Div.20 A
1214733,Div.20 A
1214744,Div.20 A
1214745,Div.20 A
1214746,Div.20 A
1214748,Div.20 A
1220644,Div.20 A
1220748,Div.20 A
1230074,Div.20 A
1230076,Div.20 A
1230086,Div.20 A
1230094,Div.20 A
1230108,Div.20 A
1230178,Div.20 A
1230242,Div.20 A
1230263,Div.20 A
1230331,Div.20 A
1230379,Div.20 A
1230468,Div.20 A
1230505,Div.20 A
1230552,Div.20 A
1230554,Div.20 A
1230599,Div.20 A
1230644,Div.20 A
1230655,Div.20 A
1230674,Div.20 A
1230692,Div.20 A
1230706,Div.20 A
1230744,Div.20 A
1230748,Div.20 A
1237004,Div.20 A
1237042,Div.20 A
1237074,Div.20 A
1237076,Div.20 A
1237089,Div.20 A
1237094,Div.20 A
1237108,Div.20 A
1237118,Div.20 A
1237137,Div.20 A
1237178,Div.20 A
1237217,Div.20 A
1237242,Div.20 A
1237263,Div.20 A
1237283,Div.20 A
1237319,Div.20 A
1237322,Div.20 A
1237331,Div.20 A
1237379,Div.20 A
1237422,Div.20 A
1237447,Div.20 A
1237465,Div.20 A
1237502,Div.20 A
1237526,Div.20 A
1237538,Div.20 A
1237552,Div.20 A
1237554,Div.20 A
1237573,Div.20 A
1237599,Div.20 A
1237617,Div.20 A
1237637,Div.20 A
1237644,Div.20 A
1237655,Div.20 A
1237674,Div.20 A
1237692,Div.20 A
1237706,Div.20 A
1237722,Div.20 A
1237730,Div.20 A
1237733,Div.20 A
1237744,Div.20 A
1237746,Div.20 A
1237748,Div.20 A
1238062,Div.20 A
1238100,Div.20 A
1238102,Div.20 A
1238110,Div.20 A
1238128,Div.20 A
1238143,Div.20 A
1238239,Div.20 A
1238243,Div.20 A
1238393,Div.20 A
1238408,Div.20 A
1238451,Div.20 A
1238476,Div.20 A
125002,Div.20 A
125007,Div.20 A
125008,Div.20 A
125031,Div.20 A
125032,Div.20 A
125036,Div.20 A
125038,Div.20 A
125039,Div.20 A
125041,Div.20 A
125044,Div.20 A
125047,Div.20 A
125050,Div.20 A
125051,Div.20 A
125054,Div.20 A
125056,Div.20 A
125058,Div.20 A
125060,Div.20 A
125063,Div.20 A
125064,Div.20 A
125071,Div.20 A
125077,Div.20 A
125078,Div.20 A
125081,Div.20 A
125083,Div.20 A
125084,Div.20 A
125085,Div.20 A
125105,Div.20 A
125117,Div.20 A
125126,Div.20 A
125127,Div.20 A
125128,Div.20 A
125144,Div.20 A
125153,Div.20 A
125171,Div.20 A
125172,Div.20 A
125177,Div.20 A
125201,Div.20 A
125203,Div.20 A
125205,Div.20 A
125207,Div.20 A
125231,Div.20 A
125236,Div.20 A
125241,Div.20 A
125251,Div.20 A
125255,Div.20 A
125271,Div.20 A
125281,Div.20 A
125305,Div.20 A
125320,Div.20 A
125351,Div.20 A
125353,Div.20 A
125366,Div.20 A
125367,Div.20 A
125377,Div.20 A
125391,Div.20 A
125394,Div.20 A
125396,Div.20 A
125400,Div.20 A
125421,Div.20 A
125423,Div.20 A
125425,Div.20 A
125436,Div.20 A
125446,Div.20 A
125447,Div.20 A
125449,Div.20 A
125453,Div.20 A
125492,Div.20 A
125496,Div.20 A
1290136,Div.20 A
1290139,Div.20 A
1292021,Div.20 A
1304190,Div.20 A
1304731,Div.20 A
1305732,Div.20 A
1311031,Div.20 A
1311032,Div.20 A
1311050,Div.20 A
1311051,Div.20 A
1311053,Div.20 A
1311056,Div.20 A
1311063,Div.20 A
1311071,Div.20 A
1311075,Div.20 A
1311078,Div.20 A
1311084,Div.20 A
1311117,Div.20 A
1311144,Div.20 A
1311153,Div.20 A
1311191,Div.20 A
1311192,Div.20 A
1311193,Div.20 A
1311201,Div.20 A
1311203,Div.20 A
1311205,Div.20 A
1311207,Div.20 A
1311231,Div.20 A
1311236,Div.20 A
1311241,Div.20 A
1311251,Div.20 A
1311255,Div.20 A
1311271,Div.20 A
1311281,Div.20 A
1311283,Div.20 A
1311305,Div.20 A
1311330,Div.20 A
1311332,Div.20 A
1311334,Div.20 A
1311337,Div.20 A
1311351,Div.20 A
1311356,Div.20 A
1311366,Div.20 A
1311367,Div.20 A
1311377,Div.20 A
1311391,Div.20 A
1311394,Div.20 A
1311396,Div.20 A
1311421,Div.20 A
1311436,Div.20 A
1311449,Div.20 A
1311451,Div.20 A
1311453,Div.20 A
1311492,Div.20 A
1311734,Div.20 A
1311852,Div.20 A
1314004,Div.20 A
1314042,Div.20 A
1314056,Div.20 A
1314059,Div.20 A
1314074,Div.20 A
1314076,Div.20 A
1314084,Div.20 A
1314086,Div.20 A
1314089,Div.20 A
1314097,Div.20 A
1314099,Div.20 A
1314100,Div.20 A
1314111,Div.20 A
1314116,Div.20 A
1314118,Div.20 A
1314137,Div.20 A
1314147,Div.20 A
1314178,Div.20 A
1314190,Div.20 A
1314191,Div.20 A
1314192,Div.20 A
1314217,Div.20 A
1314231,Div.20 A
1314257,Div.20 A
1314263,Div.20 A
1314283,Div.20 A
1314294,Div.20 A
1314317,Div.20 A
1314319,Div.20 A
1314321,Div.20 A
1314322,Div.20 A
1314330,Div.20 A
1314331,Div.20 A
1314337,Div.20 A
1314347,Div.20 A
1314379,Div.20 A
1314380,Div.20 A
1314386,Div.20 A
1314422,Div.20 A
1314426,Div.20 A
1314447,Div.20 A
1314465,Div.20 A
1314468,Div.20 A
1314481,Div.20 A
1314483,Div.20 A
1314489,Div.20 A
1314502,Div.20 A
1314514,Div.20 A
1314515,Div.20 A
1314521,Div.20 A
1314522,Div.20 A
1314526,Div.20 A
1314537,Div.20 A
1314540,Div.20 A
1314541,Div.20 A
1314545,Div.20 A
1314552,Div.20 A
1314554,Div.20 A
1314573,Div.20 A
1314580,Div.20 A
1314599,Div.20 A
1314617,Div.20 A
1314635,Div.20 A
1314637,Div.20 A
1314644,Div.20 A
1314645,Div.20 A
1314649,Div.20 A
1314650,Div.20 A
1314655,Div.20 A
1314667,Div.20 A
1314672,Div.20 A
1314696,Div.20 A
1314708,Div.20 A
1314722,Div.20 A
1314724,Div.20 A
1314726,Div.20 A
1314730,Div.20 A
1314744,Div.20 A
1314746,Div.20 A
1314748,Div.20 A
1317652,Div.20 A
1337004,Div.20 A
1337074,Div.20 A
1337076,Div.20 A
1337099,Div.20 A
1337116,Div.20 A
1337118,Div.20 A
1337137,Div.20 A
1337263,Div.20 A
1337319,Div.20 A
1337331,Div.20 A
1337379,Div.20 A
1337465,Div.20 A
1337502,Div.20 A
1337541,Div.20 A
1337552,Div.20 A
1337554,Div.20 A
1337599,Div.20 A
1337644,Div.20 A
1337696,Div.20 A
1337744,Div.20 A
1337748,Div.20 A
138039,Div.20 A
138083,Div.20 A
1406740,Div.20 A
1406741,Div.20 A
1408098,Div.20 A
1408115,Div.20 A
1408257,Div.20 A
1408362,Div.20 A
1408380,Div.20 A
1408422,Div.20 A
1408459,Div.20 A
1408478,Div.20 A
1408538,Div.20 A
1408552,Div.20 A
1408599,Div.20 A
1408682,Div.20 A
1408696,Div.20 A
1408744,Div.20 A
1409031,Div.20 A
1409032,Div.20 A
1409050,Div.20 A
1409051,Div.20 A
1409053,Div.20 A
1409056,Div.20 A
1409062,Div.20 A
1409071,Div.20 A
1409081,Div.20 A
1409085,Div.20 A
1409086,Div.20 A
1409102,Div.20 A
1409108,Div.20 A
1409117,Div.20 A
1409128,Div.20 A
1409130,Div.20 A
1409131,Div.20 A
1409133,Div.20 A
1409134,Div.20 A
1409135,Div.20 A
1409136,Div.20 A
1409171,Div.20 A
1409201,Div.20 A
1409233,Div.20 A
1409236,Div.20 A
1409240,Div.20 A
1409251,Div.20 A
1409255,Div.20 A
1409257,Div.20 A
1409281,Div.20 A
1409283,Div.20 A
1409285,Div.20 A
1409307,Div.20 A
1409341,Div.20 A
1409344,Div.20 A
1409345,Div.20 A
1409346,Div.20 A
1409347,Div.20 A
1409348,Div.20 A
1409351,Div.20 A
1409366,Div.20 A
1409393,Div.20 A
1409400,Div.20 A
1409404,Div.20 A
1409406,Div.20 A
1409410,Div.20 A
1409425,Div.20 A
1409427,Div.20 A
1409436,Div.20 A
1409446,Div.20 A
1409449,Div.20 A
1409451,Div.20 A
1409492,Div.20 A
1409741,Div.20 A
1409744,Div.20 A
1413741,Div.20 A
1414074,Div.20 A
1414076,Div.20 A
1414086,Div.20 A
1414087,Div.20 A
1414089,Div.20 A
1414090,Div.20 A
1414095,Div.20 A
1414098,Div.20 A
1414099,Div.20 A
1414100,Div.20 A
1414109,Div.20 A
1414113,Div.20 A
1414115,Div.20 A
1414116,Div.20 A
1414119,Div.20 A
1414137,Div.20 A
1414138,Div.20 A
1414145,Div.20 A
1414149,Div.20 A
1414178,Div.20 A
1414179,Div.20 A
1414194,Div.20 A
1414229,Div.20 A
1414241,Div.20 A
1414242,Div.20 A
1414245,Div.20 A
1414257,Div.20 A
1414263,Div.20 A
1414317,Div.20 A
1414331,Div.20 A
1414337,Div.20 A
1414346,Div.20 A
1414362,Div.20 A
1414380,Div.20 A
1414415,Div.20 A
1414422,Div.20 A
1414459,Div.20 A
1414465,Div.20 A
1414468,Div.20 A
1414478,Div.20 A
1414480,Div.20 A
1414483,Div.20 A
1414502,Div.20 A
1414516,Div.20 A
1414538,Div.20 A
1414552,Div.20 A
1414554,Div.20 A
1414599,Div.20 A
1414603,Div.20 A
1414637,Div.20 A
1414644,Div.20 A
1414676,Div.20 A
1414682,Div.20 A
1414692,Div.20 A
1414696,Div.20 A
1414744,Div.20 A
1414748,Div.20 A
1423031,Div.20 A
1423032,Div.20 A
1423050,Div.20 A
1423051,Div.20 A
1423053,Div.20 A
1423056,Div.20 A
1423062,Div.20 A
1423071,Div.20 A
1423081,Div.20 A
1423085,Div.20 A
1423086,Div.20 A
1423102,Div.20 A
1423108,Div.20 A
1423117,Div.20 A
1423128,Div.20 A
1423130,Div.20 A
1423131,Div.20 A
1423133,Div.20 A
1423134,Div.20 A
1423135,Div.20 A
1423136,Div.20 A
1423171,Div.20 A
1423201,Div.20 A
1423233,Div.20 A
1423236,Div.20 A
1423240,Div.20 A
1423251,Div.20 A
1423255,Div.20 A
1423257,Div.20 A
1423281,Div.20 A
1423283,Div.20 A
1423285,Div.20 A
1423307,Div.20 A
1423341,Div.20 A
1423344,Div.20 A
1423345,Div.20 A
1423346,Div.20 A
1423347,Div.20 A
1423348,Div.20 A
1423351,Div.20 A
1423366,Div.20 A
1423393,Div.20 A
1423400,Div.20 A
1423404,Div.20 A
1423406,Div.20 A
1423410,Div.20 A
1423425,Div.20 A
1423427,Div.20 A
1423436,Div.20 A
1423446,Div.20 A
1423449,Div.20 A
1423451,Div.20 A
1423492,Div.20 A
143050,Div.20 A
143056,Div.20 A
143063,Div.20 A
143071,Div.20 A
143081,Div.20 A
143084,Div.20 A
143117,Div.20 A
143126,Div.20 A
143128,Div.20 A
143144,Div.20 A
143205,Div.20 A
143207,Div.20 A
143251,Div.20 A
143351,Div.20 A
143366,Div.20 A
143391,Div.20 A
143394,Div.20 A
143396,Div.20 A
143423,Div.20 A
143425,Div.20 A
143446,Div.20 A
143449,Div.20 A
143453,Div.20 A
1437074,Div.20 A
1437076,Div.20 A
1437086,Div.20 A
1437087,Div.20 A
1437089,Div.20 A
1437090,Div.20 A
1437095,Div.20 A
1437098,Div.20 A
1437099,Div.20 A
1437100,Div.20 A
1437109,Div.20 A
1437113,Div.20 A
1437115,Div.20 A
1437116,Div.20 A
1437119,Div.20 A
1437137,Div.20 A
1437138,Div.20 A
1437145,Div.20 A
1437149,Div.20 A
1437178,Div.20 A
1437179,Div.20 A
1437194,Div.20 A
1437229,Div.20 A
1437241,Div.20 A
1437242,Div.20 A
1437257,Div.20 A
1437263,Div.20 A
1437317,Div.20 A
1437331,Div.20 A
1437337,Div.20 A
1437346,Div.20 A
1437362,Div.20 A
1437380,Div.20 A
1437415,Div.20 A
1437422,Div.20 A
1437459,Div.20 A
1437465,Div.20 A
1437468,Div.20 A
1437478,Div.20 A
1437480,Div.20 A
1437483,Div.20 A
1437502,Div.20 A
1437516,Div.20 A
1437538,Div.20 A
1437552,Div.20 A
1437554,Div.20 A
1437599,Div.20 A
1437603,Div.20 A
1437637,Div.20 A
1437644,Div.20 A
1437676,Div.20 A
1437682,Div.20 A
1437692,Div.20 A
1437696,Div.20 A
1437744,Div.20 A
1437748,Div.20 A
1438031,Div.20 A
1438032,Div.20 A
1438050,Div.20 A
1438051,Div.20 A
1438053,Div.20 A
1438056,Div.20 A
1438062,Div.20 A
1438071,Div.20 A
1438081,Div.20 A
1438085,Div.20 A
1438086,Div.20 A
1438102,Div.20 A
1438108,Div.20 A
1438117,Div.20 A
1438128,Div.20 A
1438130,Div.20 A
1438131,Div.20 A
1438133,Div.20 A
1438134,Div.20 A
1438135,Div.20 A
1438136,Div.20 A
1438171,Div.20 A
1438201,Div.20 A
1438233,Div.20 A
1438236,Div.20 A
1438240,Div.20 A
1438251,Div.20 A
1438255,Div.20 A
1438257,Div.20 A
1438281,Div.20 A
1438283,Div.20 A
1438285,Div.20 A
1438307,Div.20 A
1438341,Div.20 A
1438344,Div.20 A
1438345,Div.20 A
1438346,Div.20 A
1438347,Div.20 A
1438348,Div.20 A
1438351,Div.20 A
1438366,Div.20 A
1438393,Div.20 A
1438400,Div.20 A
1438404,Div.20 A
1438406,Div.20 A
1438410,Div.20 A
1438425,Div.20 A
1438427,Div.20 A
1438436,Div.20 A
1438446,Div.20 A
1438449,Div.20 A
1438451,Div.20 A
1438492,Div.20 A
1443031,Div.20 A
1443032,Div.20 A
1443050,Div.20 A
1443085,Div.20 A
1443086,Div.20 A
1443102,Div.20 A
1443128,Div.20 A
1443236,Div.20 A
1443283,Div.20 A
1443341,Div.20 A
1443344,Div.20 A
1443345,Div.20 A
1443347,Div.20 A
1443348,Div.20 A
1443351,Div.20 A
1443436,Div.20 A
1446071,Div.20 A
1446283,Div.20 A
1446341,Div.20 A
1446344,Div.20 A
1446348,Div.20 A
146036,Div.20 A
146047,Div.20 A
146071,Div.20 A
146083,Div.20 A
146153,Div.20 A
146205,Div.20 A
146251,Div.20 A
146366,Div.20 A
146367,Div.20 A
146377,Div.20 A
146423,Div.20 A
146425,Div.20 A
146446,Div.20 A
1490617,Div.20 A
1490618,Div.20 A
1490619,Div.20 A
1490620,Div.20 A
1490689,Div.20 A
1533016,Div.20 A
1533022,Div.20 A
1533031,Div.20 A
1533032,Div.20 A
1533048,Div.20 A
1533053,Div.20 A
1533056,Div.20 A
1533062,Div.20 A
1533071,Div.20 A
1533117,Div.20 A
1533153,Div.20 A
1533201,Div.20 A
1533236,Div.20 A
1533241,Div.20 A
1533283,Div.20 A
1533345,Div.20 A
1533351,Div.20 A
1533366,Div.20 A
1533367,Div.20 A
1533393,Div.20 A
1533436,Div.20 A
1533446,Div.20 A
1533449,Div.20 A
1533451,Div.20 A
1533453,Div.20 A
1533478,Div.20 A
1533492,Div.20 A
1551016,Div.20 A
1551022,Div.20 A
1551031,Div.20 A
1551032,Div.20 A
1551048,Div.20 A
1551053,Div.20 A
1551056,Div.20 A
1551062,Div.20 A
1551071,Div.20 A
1551117,Div.20 A
1551153,Div.20 A
1551201,Div.20 A
1551236,Div.20 A
1551241,Div.20 A
1551283,Div.20 A
1551345,Div.20 A
1551351,Div.20 A
1551366,Div.20 A
1551367,Div.20 A
1551393,Div.20 A
1551436,Div.20 A
1551446,Div.20 A
1551449,Div.20 A
1551451,Div.20 A
1551453,Div.20 A
1551478,Div.20 A
1551492,Div.20 A
1590227,Div.20 A
1590228,Div.20 A
1590251,Div.20 A
1590252,Div.20 A
1590264,Div.20 A
1690001,Div.20 A
1690002,Div.20 A
1741825,Div.20 A
190049,Div.20 A
190542,Div.20 A
190552,Div.20 A
190553,Div.20 A
190560,Div.20 A
190604,Div.20 A
190685,Div.20 A
190692,Div.20 A
190693,Div.20 A
190802,Div.20 A
190804,Div.20 A
1914074,Div.20 A
1914097,Div.20 A
1914099,Div.20 A
1914111,Div.20 A
1914116,Div.20 A
1914178,Div.20 A
1914319,Div.20 A
1914331,Div.20 A
1914337,Div.20 A
1914503,Div.20 A
1914644,Div.20 A
193548,Div.20 A
1937644,Div.20 A
1990143,Div.20 A
1990144,Div.20 A
1990150,Div.20 A
2004619,Div.20 A
2008078,Div.20 A
202001,Div.20 A
202002,Div.20 A
202005,Div.20 A
202006,Div.20 A
202007,Div.20 A
202008,Div.20 A
202011,Div.20 A
202012,Div.20 A
202013,Div.20 A
202015,Div.20 A
202017,Div.20 A
202018,Div.20 A
202020,Div.20 A
202021,Div.20 A
202022,Div.20 A
202023,Div.20 A
202024,Div.20 A
202026,Div.20 A
202027,Div.20 A
202029,Div.20 A
202030,Div.20 A
202031,Div.20 A
202033,Div.20 A
202035,Div.20 A
202038,Div.20 A
202041,Div.20 A
202043,Div.20 A
202045,Div.20 A
202047,Div.20 A
202049,Div.20 A
202053,Div.20 A
202054,Div.20 A
202055,Div.20 A
202057,Div.20 A
202064,Div.20 A
202065,Div.20 A
202066,Div.20 A
202067,Div.20 A
202068,Div.20 A
202069,Div.20 A
202070,Div.20 A
202071,Div.20 A
202072,Div.20 A
202073,Div.20 A
202074,Div.20 A
202076,Div.20 A
202079,Div.20 A
202081,Div.20 A
202083,Div.20 A
202085,Div.20 A
202088,Div.20 A
202091,Div.20 A
202092,Div.20 A
202093,Div.20 A
202096,Div.20 A
202102,Div.20 A
202105,Div.20 A
202110,Div.20 A
202112,Div.20 A
202117,Div.20 A
202121,Div.20 A
202122,Div.20 A
202124,Div.20 A
202126,Div.20 A
202127,Div.20 A
202128,Div.20 A
202129,Div.20 A
202131,Div.20 A
202132,Div.20 A
202133,Div.20 A
202134,Div.20 A
202135,Div.20 A
202136,Div.20 A
202141,Div.20 A
202143,Div.20 A
202144,Div.20 A
202146,Div.20 A
202148,Div.20 A
202151,Div.20 A
202152,Div.20 A
202153,Div.20 A
202154,Div.20 A
202155,Div.20 A
202156,Div.20 A
202157,Div.20 A
202158,Div.20 A
202159,Div.20 A
202160,Div.20 A
202161,Div.20 A
202163,Div.20 A
202164,Div.20 A
202165,Div.20 A
202235,Div.20 A
202294,Div.20 A
202317,Div.20 A
202322,Div.20 A
202346,Div.20 A
202360,Div.20 A
202398,Div.20 A
202447,Div.20 A
202516,Div.20 A
202526,Div.20 A
202537,Div.20 A
202542,Div.20 A
202545,Div.20 A
202599,Div.20 A
202601,Div.20 A
202609,Div.20 A
202621,Div.20 A
202676,Div.20 A
202682,Div.20 A
202696,Div.20 A
202721,Div.20 A
202723,Div.20 A
202724,Div.20 A
202725,Div.20 A
202726,Div.20 A
202730,Div.20 A
202731,Div.20 A
202733,Div.20 A
203030,Div.20 A
203054,Div.20 A
203167,Div.20 A
203171,Div.20 A
203189,Div.20 A
203195,Div.20 A
203210,Div.20 A
203212,Div.20 A
203216,Div.20 A
203234,Div.20 A
203255,Div.20 A
203256,Div.20 A
203264,Div.20 A
203290,Div.20 A
203339,Div.20 A
203340,Div.20 A
2041774,Div.20 A
2042774,Div.20 A
2043772,Div.20 A
2044778,Div.20 A
2045772,Div.20 A
2046780,Div.20 A
2052504,Div.20 A
2052768,Div.20 A
2052769,Div.20 A
2052770,Div.20 A
2052771,Div.20 A
2052772,Div.20 A
2052773,Div.20 A
2052774,Div.20 A
2052775,Div.20 A
2052776,Div.20 A
2052777,Div.20 A
2052778,Div.20 A
2052779,Div.20 A
2052780,Div.20 A
2052781,Div.20 A
2052782,Div.20 A
2052788,Div.20 A
2056501,Div.20 A
2056755,Div.20 A
2056756,Div.20 A
2056771,Div.20 A
2056772,Div.20 A
2056773,Div.20 A
2056774,Div.20 A
2056775,Div.20 A
2056776,Div.20 A
2056777,Div.20 A
2056778,Div.20 A
2056779,Div.20 A
2056780,Div.20 A
2056781,Div.20 A
2056782,Div.20 A
2056787,Div.20 A
205711,Div.20 A
2058792,Div.20 A
2058793,Div.20 A
2058794,Div.20 A
2058795,Div.20 A
2058796,Div.20 A
2058797,Div.20 A
2058798,Div.20 A
2060505,Div.20 A
2060771,Div.20 A
2060772,Div.20 A
2060773,Div.20 A
2060774,Div.20 A
2060775,Div.20 A
2060776,Div.20 A
2060777,Div.20 A
2060778,Div.20 A
2060779,Div.20 A
2060780,Div.20 A
2060781,Div.20 A
2060782,Div.20 A
2060790,Div.20 A
2064768,Div.20 A
2064769,Div.20 A
2064770,Div.20 A
2064771,Div.20 A
2064772,Div.20 A
2064773,Div.20 A
2064774,Div.20 A
2064775,Div.20 A
2064776,Div.20 A
2064777,Div.20 A
2064778,Div.20 A
2064779,Div.20 A
2064780,Div.20 A
2064781,Div.20 A
2064782,Div.20 A
2065771,Div.20 A
2065772,Div.20 A
2065773,Div.20 A
2065774,Div.20 A
2065775,Div.20 A
2065776,Div.20 A
2065777,Div.20 A
2065778,Div.20 A
2065779,Div.20 A
2065780,Div.20 A
2065781,Div.20 A
2065782,Div.20 A
2066761,Div.20 A
2066762,Div.20 A
2066768,Div.20 A
2066769,Div.20 A
2066770,Div.20 A
2066771,Div.20 A
2066772,Div.20 A
2066773,Div.20 A
2066774,Div.20 A
2066775,Div.20 A
2066776,Div.20 A
2066777,Div.20 A
2066778,Div.20 A
2066779,Div.20 A
2066780,Div.20 A
2066781,Div.20 A
2066782,Div.20 A
2067763,Div.20 A
2067764,Div.20 A
2067771,Div.20 A
2067772,Div.20 A
2067773,Div.20 A
2067774,Div.20 A
2067775,Div.20 A
2067776,Div.20 A
2067777,Div.20 A
2067778,Div.20 A
2067779,Div.20 A
2067780,Div.20 A
2067781,Div.20 A
2067782,Div.20 A
2070698,Div.20 A
2070699,Div.20 A
2070783,Div.20 A
2070784,Div.20 A
2070785,Div.20 A
2070786,Div.20 A
2070787,Div.20 A
2070788,Div.20 A
2070789,Div.20 A
2070790,Div.20 A
2070791,Div.20 A
2074694,Div.20 A
2074695,Div.20 A
2075696,Div.20 A
2075697,Div.20 A
2077395,Div.20 A
2077396,Div.20 A
2077397,Div.20 A
2077398,Div.20 A
2077399,Div.20 A
2077400,Div.20 A
2077401,Div.20 A
2077402,Div.20 A
2077403,Div.20 A
2077404,Div.20 A
2077405,Div.20 A
2077406,Div.20 A
2077783,Div.20 A
2077784,Div.20 A
2077785,Div.20 A
2077786,Div.20 A
2077787,Div.20 A
2077788,Div.20 A
2077789,Div.20 A
2077790,Div.20 A
2077791,Div.20 A
2078407,Div.20 A
2078408,Div.20 A
2078409,Div.20 A
2078410,Div.20 A
2078411,Div.20 A
2078412,Div.20 A
2078413,Div.20 A
2078414,Div.20 A
2078415,Div.20 A
2078416,Div.20 A
2078417,Div.20 A
2078418,Div.20 A
2078419,Div.20 A
2078420,Div.20 A
2078421,Div.20 A
211031,Div.20 A
211032,Div.20 A
211040,Div.20 A
211044,Div.20 A
211046,Div.20 A
211048,Div.20 A
211053,Div.20 A
211054,Div.20 A
211056,Div.20 A
211063,Div.20 A
211071,Div.20 A
211077,Div.20 A
211078,Div.20 A
211081,Div.20 A
211083,Div.20 A
211117,Div.20 A
211126,Div.20 A
211153,Div.20 A
211201,Div.20 A
211207,Div.20 A
211231,Div.20 A
211236,Div.20 A
211241,Div.20 A
211251,Div.20 A
211255,Div.20 A
211271,Div.20 A
211351,Div.20 A
211353,Div.20 A
211366,Div.20 A
211367,Div.20 A
211377,Div.20 A
211391,Div.20 A
211394,Div.20 A
211396,Div.20 A
211421,Div.20 A
211423,Div.20 A
211436,Div.20 A
211446,Div.20 A
211449,Div.20 A
211453,Div.20 A
211492,Div.20 A
211496,Div.20 A
211712,Div.20 A
219031,Div.20 A
219032,Div.20 A
219040,Div.20 A
219044,Div.20 A
219046,Div.20 A
219048,Div.20 A
2190516,Div.20 A
2190517,Div.20 A
2190518,Div.20 A
2190525,Div.20 A
219053,Div.20 A
219054,Div.20 A
219056,Div.20 A
219063,Div.20 A
219071,Div.20 A
219077,Div.20 A
219078,Div.20 A
219081,Div.20 A
219083,Div.20 A
219117,Div.20 A
219126,Div.20 A
219153,Div.20 A
219201,Div.20 A
219207,Div.20 A
219231,Div.20 A
219236,Div.20 A
219241,Div.20 A
219251,Div.20 A
219255,Div.20 A
219271,Div.20 A
219351,Div.20 A
219353,Div.20 A
219366,Div.20 A
219367,Div.20 A
219377,Div.20 A
219391,Div.20 A
219394,Div.20 A
219396,Div.20 A
219421,Div.20 A
219423,Div.20 A
219436,Div.20 A
219446,Div.20 A
219449,Div.20 A
219453,Div.20 A
219492,Div.20 A
219496,Div.20 A
2204171,Div.20 A
2204400,Div.20 A
2205108,Div.20 A
2205110,Div.20 A
2205114,Div.20 A
2205116,Div.20 A
2205120,Div.20 A
2205123,Div.20 A
2205127,Div.20 A
2205128,Div.20 A
2205130,Div.20 A
2205134,Div.20 A
2205136,Div.20 A
2205138,Div.20 A
2205144,Div.20 A
2205146,Div.20 A
2206259,Div.20 A
2206260,Div.20 A
2206261,Div.20 A
2206262,Div.20 A
2206263,Div.20 A
2206264,Div.20 A
2206294,Div.20 A
2206308,Div.20 A
2206310,Div.20 A
2206312,Div.20 A
2206313,Div.20 A
2206315,Div.20 A
2206316,Div.20 A
2206317,Div.20 A
2206318,Div.20 A
2206320,Div.20 A
2206323,Div.20 A
2206324,Div.20 A
2206325,Div.20 A
2206340,Div.20 A
2206346,Div.20 A
2206349,Div.20 A
2206352,Div.20 A
2206355,Div.20 A
2206358,Div.20 A
2206361,Div.20 A
2206362,Div.20 A
2206363,Div.20 A
2206367,Div.20 A
2206407,Div.20 A
2206602,Div.20 A
2206606,Div.20 A
2206610,Div.20 A
2209016,Div.20 A
2209023,Div.20 A
2209024,Div.20 A
2209031,Div.20 A
2209032,Div.20 A
2209062,Div.20 A
2209071,Div.20 A
2209084,Div.20 A
2209108,Div.20 A
2209128,Div.20 A
2209173,Div.20 A
2209233,Div.20 A
2209236,Div.20 A
2209239,Div.20 A
2209240,Div.20 A
2209242,Div.20 A
2209251,Div.20 A
2209253,Div.20 A
2209255,Div.20 A
2209281,Div.20 A
2209283,Div.20 A
2209298,Div.20 A
2209341,Div.20 A
2209351,Div.20 A
2209356,Div.20 A
2209391,Div.20 A
2209393,Div.20 A
2209420,Div.20 A
2209425,Div.20 A
2209436,Div.20 A
2209446,Div.20 A
2209449,Div.20 A
2209478,Div.20 A
2209492,Div.20 A
2209600,Div.20 A
2215098,Div.20 A
2215101,Div.20 A
2215103,Div.20 A
2215114,Div.20 A
2215123,Div.20 A
2215127,Div.20 A
2215128,Div.20 A
2215129,Div.20 A
2215131,Div.20 A
2215135,Div.20 A
2215136,Div.20 A
2215138,Div.20 A
2215140,Div.20 A
2215141,Div.20 A
2215144,Div.20 A
2215146,Div.20 A
2215154,Div.20 A
2215156,Div.20 A
2223016,Div.20 A
2223023,Div.20 A
2223024,Div.20 A
2223031,Div.20 A
2223032,Div.20 A
2223062,Div.20 A
2223071,Div.20 A
2223084,Div.20 A
2223108,Div.20 A
2223128,Div.20 A
2223130,Div.20 A
2223131,Div.20 A
2223133,Div.20 A
2223134,Div.20 A
2223135,Div.20 A
2223136,Div.20 A
2223138,Div.20 A
2223173,Div.20 A
2223233,Div.20 A
2223236,Div.20 A
2223239,Div.20 A
2223240,Div.20 A
2223242,Div.20 A
2223251,Div.20 A
2223253,Div.20 A
2223255,Div.20 A
2223259,Div.20 A
2223260,Div.20 A
2223261,Div.20 A
2223262,Div.20 A
2223263,Div.20 A
2223264,Div.20 A
2223268,Div.20 A
2223281,Div.20 A
2223283,Div.20 A
2223294,Div.20 A
2223298,Div.20 A
2223308,Div.20 A
2223310,Div.20 A
2223312,Div.20 A
2223313,Div.20 A
2223315,Div.20 A
2223316,Div.20 A
2223317,Div.20 A
2223318,Div.20 A
2223320,Div.20 A
2223323,Div.20 A
2223324,Div.20 A
2223325,Div.20 A
2223340,Div.20 A
2223341,Div.20 A
2223346,Div.20 A
2223349,Div.20 A
2223351,Div.20 A
2223352,Div.20 A
2223355,Div.20 A
2223356,Div.20 A
2223358,Div.20 A
2223361,Div.20 A
2223362,Div.20 A
2223363,Div.20 A
2223367,Div.20 A
2223391,Div.20 A
2223393,Div.20 A
2223407,Div.20 A
2223420,Div.20 A
2223425,Div.20 A
2223436,Div.20 A
2223446,Div.20 A
2223449,Div.20 A
2223478,Div.20 A
2223492,Div.20 A
2225829,Div.20 A
2225830,Div.20 A
2225831,Div.20 A
2225832,Div.20 A
2225833,Div.20 A
2225835,Div.20 A
2225836,Div.20 A
2225837,Div.20 A
2226829,Div.20 A
2226830,Div.20 A
2226831,Div.20 A
2226832,Div.20 A
2226833,Div.20 A
2226835,Div.20 A
2226836,Div.20 A
2226837,Div.20 A
2235801,Div.20 A
2235802,Div.20 A
2235803,Div.20 A
2235804,Div.20 A
2235805,Div.20 A
2235806,Div.20 A
2235807,Div.20 A
2235808,Div.20 A
2235809,Div.20 A
2235810,Div.20 A
2235811,Div.20 A
2235812,Div.20 A
2235813,Div.20 A
2235814,Div.20 A
2235815,Div.20 A
2235816,Div.20 A
2235824,Div.20 A
2235831,Div.20 A
2235832,Div.20 A
2235834,Div.20 A
2238016,Div.20 A
2238023,Div.20 A
2238024,Div.20 A
2238031,Div.20 A
2238032,Div.20 A
2238062,Div.20 A
2238071,Div.20 A
2238084,Div.20 A
2238108,Div.20 A
2238128,Div.20 A
2238130,Div.20 A
2238133,Div.20 A
2238134,Div.20 A
2238135,Div.20 A
2238136,Div.20 A
2238173,Div.20 A
2238233,Div.20 A
2238236,Div.20 A
2238239,Div.20 A
2238240,Div.20 A
2238242,Div.20 A
2238251,Div.20 A
2238253,Div.20 A
2238255,Div.20 A
2238259,Div.20 A
2238260,Div.20 A
2238261,Div.20 A
2238262,Div.20 A
2238263,Div.20 A
2238264,Div.20 A
2238281,Div.20 A
2238283,Div.20 A
2238294,Div.20 A
2238298,Div.20 A
2238308,Div.20 A
2238310,Div.20 A
2238312,Div.20 A
2238313,Div.20 A
2238315,Div.20 A
2238316,Div.20 A
2238317,Div.20 A
2238318,Div.20 A
2238320,Div.20 A
2238323,Div.20 A
2238324,Div.20 A
2238325,Div.20 A
2238340,Div.20 A
2238341,Div.20 A
2238346,Div.20 A
2238349,Div.20 A
2238351,Div.20 A
2238352,Div.20 A
2238355,Div.20 A
2238356,Div.20 A
2238358,Div.20 A
2238361,Div.20 A
2238362,Div.20 A
2238363,Div.20 A
2238367,Div.20 A
2238391,Div.20 A
2238393,Div.20 A
2238407,Div.20 A
2238420,Div.20 A
2238425,Div.20 A
2238436,Div.20 A
2238446,Div.20 A
2238449,Div.20 A
2238478,Div.20 A
2238492,Div.20 A
225031,Div.20 A
225032,Div.20 A
225040,Div.20 A
225044,Div.20 A
225046,Div.20 A
225048,Div.20 A
225053,Div.20 A
225054,Div.20 A
225056,Div.20 A
225063,Div.20 A
225071,Div.20 A
225077,Div.20 A
225078,Div.20 A
225081,Div.20 A
225083,Div.20 A
225117,Div.20 A
225126,Div.20 A
225153,Div.20 A
225201,Div.20 A
225207,Div.20 A
225231,Div.20 A
225236,Div.20 A
225241,Div.20 A
225251,Div.20 A
225255,Div.20 A
225271,Div.20 A
225351,Div.20 A
225353,Div.20 A
225366,Div.20 A
225367,Div.20 A
225377,Div.20 A
225391,Div.20 A
225394,Div.20 A
225396,Div.20 A
225421,Div.20 A
225423,Div.20 A
225436,Div.20 A
225446,Div.20 A
225449,Div.20 A
225453,Div.20 A
225492,Div.20 A
225496,Div.20 A
2320019,Div.20 A
2320076,Div.20 A
2320089,Div.20 A
2320097,Div.20 A
2320111,Div.20 A
2320113,Div.20 A
2320116,Div.20 A
2320139,Div.20 A
2320178,Div.20 A
2320283,Div.20 A
2320331,Div.20 A
2320346,Div.20 A
2320447,Div.20 A
2320526,Div.20 A
2320549,Div.20 A
2320617,Div.20 A
2320644,Div.20 A
2320744,Div.20 A
2337099,Div.20 A
2337116,Div.20 A
2337644,Div.20 A
2337664,Div.20 A
2337744,Div.20 A
238031,Div.20 A
238032,Div.20 A
238040,Div.20 A
238044,Div.20 A
238046,Div.20 A
238048,Div.20 A
238053,Div.20 A
238054,Div.20 A
238056,Div.20 A
238063,Div.20 A
238071,Div.20 A
238077,Div.20 A
238078,Div.20 A
238081,Div.20 A
238083,Div.20 A
238117,Div.20 A
238126,Div.20 A
238153,Div.20 A
238201,Div.20 A
238207,Div.20 A
238231,Div.20 A
238236,Div.20 A
238241,Div.20 A
238251,Div.20 A
238255,Div.20 A
238271,Div.20 A
238351,Div.20 A
238353,Div.20 A
238366,Div.20 A
238367,Div.20 A
238377,Div.20 A
238391,Div.20 A
238394,Div.20 A
238396,Div.20 A
238421,Div.20 A
238423,Div.20 A
238436,Div.20 A
238446,Div.20 A
238449,Div.20 A
238453,Div.20 A
238492,Div.20 A
238496,Div.20 A
2390400,Div.20 A
2390401,Div.20 A
2390402,Div.20 A
2390403,Div.20 A
2390404,Div.20 A
2390412,Div.20 A
2406682,Div.20 A
2411016,Div.20 A
2411156,Div.20 A
2411157,Div.20 A
2411159,Div.20 A
2411160,Div.20 A
2411161,Div.20 A
2411163,Div.20 A
2411165,Div.20 A
2411166,Div.20 A
2411167,Div.20 A
2411176,Div.20 A
2411178,Div.20 A
2411179,Div.20 A
2411181,Div.20 A
2411190,Div.20 A
246031,Div.20 A
246032,Div.20 A
246446,Div.20 A
2490402,Div.20 A
2521734,Div.20 A
2521738,Div.20 A
2521742,Div.20 A
2521744,Div.20 A
2521747,Div.20 A
2521748,Div.20 A
2521749,Div.20 A
2521750,Div.20 A
2521751,Div.20 A
2521752,Div.20 A
2521754,Div.20 A
2521757,Div.20 A
2521759,Div.20 A
2521760,Div.20 A
2521761,Div.20 A
2521762,Div.20 A
2521763,Div.20 A
2521764,Div.20 A
2521765,Div.20 A
2521766,Div.20 A
2521767,Div.20 A
2521768,Div.20 A
2539734,Div.20 A
2539744,Div.20 A
2539751,Div.20 A
2539752,Div.20 A
2539754,Div.20 A
2549744,Div.20 A
2549751,Div.20 A
2549752,Div.20 A
2549754,Div.20 A
2606680,Div.20 A
2606681,Div.20 A
2611016,Div.20 A
2611018,Div.20 A
2611031,Div.20 A
2611130,Div.20 A
2611133,Div.20 A
2611135,Div.20 A
2611136,Div.20 A
2611156,Div.20 A
2611157,Div.20 A
2611158,Div.20 A
2611159,Div.20 A
2611160,Div.20 A
2611161,Div.20 A
2611162,Div.20 A
2611163,Div.20 A
2611164,Div.20 A
2611165,Div.20 A
2611173,Div.20 A
2611240,Div.20 A
2611259,Div.20 A
2611260,Div.20 A
2611261,Div.20 A
2611262,Div.20 A
2611264,Div.20 A
2611283,Div.20 A
2611308,Div.20 A
2611313,Div.20 A
2611315,Div.20 A
2611316,Div.20 A
2611317,Div.20 A
2611318,Div.20 A
2611319,Div.20 A
2611320,Div.20 A
2611322,Div.20 A
2611323,Div.20 A
2611324,Div.20 A
2611369,Div.20 A
2611391,Div.20 A
2611478,Div.20 A
2611486,Div.20 A
2621720,Div.20 A
2621721,Div.20 A
2621723,Div.20 A
2621724,Div.20 A
2621725,Div.20 A
2621726,Div.20 A
2621727,Div.20 A
2621728,Div.20 A
2621729,Div.20 A
2621732,Div.20 A
2621733,Div.20 A
2621734,Div.20 A
2621735,Div.20 A
2621737,Div.20 A
2621739,Div.20 A
2621740,Div.20 A
2621746,Div.20 A
2621748,Div.20 A
2621751,Div.20 A
2621752,Div.20 A
2621754,Div.20 A
2621757,Div.20 A
2621759,Div.20 A
2621760,Div.20 A
2621761,Div.20 A
2621762,Div.20 A
2621763,Div.20 A
2621764,Div.20 A
2621765,Div.20 A
2621766,Div.20 A
2621767,Div.20 A
2621768,Div.20 A
2690614,Div.20 A
2715031,Div.20 A
2715032,Div.20 A
2715037,Div.20 A
2715039,Div.20 A
2715043,Div.20 A
2715052,Div.20 A
2715056,Div.20 A
2715061,Div.20 A
2715066,Div.20 A
2715183,Div.20 A
2715196,Div.20 A
2715204,Div.20 A
2715242,Div.20 A
2715246,Div.20 A
2715248,Div.20 A
2715250,Div.20 A
2715272,Div.20 A
2715273,Div.20 A
2715284,Div.20 A
2715358,Div.20 A
2715364,Div.20 A
2715366,Div.20 A
2715367,Div.20 A
2715372,Div.20 A
2715390,Div.20 A
2715423,Div.20 A
2715430,Div.20 A
2715453,Div.20 A
2715492,Div.20 A
2715496,Div.20 A
2715999,Div.20 A
2821720,Div.20 A
2821721,Div.20 A
2821723,Div.20 A
2821725,Div.20 A
2821726,Div.20 A
2821727,Div.20 A
2821728,Div.20 A
2821729,Div.20 A
2821732,Div.20 A
2821733,Div.20 A
2821734,Div.20 A
2821735,Div.20 A
2821737,Div.20 A
2821739,Div.20 A
2821740,Div.20 A
2821741,Div.20 A
2821742,Div.20 A
2821744,Div.20 A
2821746,Div.20 A
2821747,Div.20 A
2821748,Div.20 A
2821750,Div.20 A
2821751,Div.20 A
2821752,Div.20 A
2821754,Div.20 A
2821757,Div.20 A
2821759,Div.20 A
2821760,Div.20 A
2821761,Div.20 A
2821762,Div.20 A
2821763,Div.20 A
2821764,Div.20 A
2821765,Div.20 A
2821766,Div.20 A
2821767,Div.20 A
2821768,Div.20 A
290001,Div.20 A
290002,Div.20 A
290010,Div.20 A
290022,Div.20 A
290023,Div.20 A
290024,Div.20 A
290025,Div.20 A
290026,Div.20 A
290027,Div.20 A
290028,Div.20 A
290029,Div.20 A
290030,Div.20 A
290031,Div.20 A
290032,Div.20 A
290033,Div.20 A
290034,Div.20 A
290035,Div.20 A
290036,Div.20 A
290037,Div.20 A
290038,Div.20 A
290039,Div.20 A
290040,Div.20 A
290042,Div.20 A
290043,Div.20 A
290044,Div.20 A
290045,Div.20 A
290046,Div.20 A
290047,Div.20 A
2911005,Div.20 A
2911027,Div.20 A
2911066,Div.20 A
2911072,Div.20 A
2911129,Div.20 A
2911195,Div.20 A
2911197,Div.20 A
2911222,Div.20 A
2911247,Div.20 A
2911266,Div.20 A
2911380,Div.20 A
2911386,Div.20 A
2911387,Div.20 A
2911412,Div.20 A
2911427,Div.20 A
2911628,Div.20 A
2912072,Div.20 A
2912129,Div.20 A
2912197,Div.20 A
2919722,Div.20 A
2919753,Div.20 A
2919758,Div.20 A
2921723,Div.20 A
2921724,Div.20 A
2921727,Div.20 A
2921728,Div.20 A
2921729,Div.20 A
2921732,Div.20 A
2921733,Div.20 A
2921734,Div.20 A
2921735,Div.20 A
2921736,Div.20 A
2921737,Div.20 A
2921738,Div.20 A
2921740,Div.20 A
2921741,Div.20 A
2921742,Div.20 A
2921744,Div.20 A
2921746,Div.20 A
2921747,Div.20 A
2921748,Div.20 A
2921749,Div.20 A
2921751,Div.20 A
2921756,Div.20 A
2921757,Div.20 A
2921759,Div.20 A
2921760,Div.20 A
2921761,Div.20 A
2921762,Div.20 A
2921763,Div.20 A
2921764,Div.20 A
2921765,Div.20 A
2921766,Div.20 A
2921767,Div.20 A
2921768,Div.20 A
2922985,Div.20 A
2936722,Div.20 A
2936753,Div.20 A
2936755,Div.20 A
2938005,Div.20 A
2938027,Div.20 A
2938066,Div.20 A
2938072,Div.20 A
2938129,Div.20 A
2938195,Div.20 A
2938197,Div.20 A
2938222,Div.20 A
2938247,Div.20 A
2938266,Div.20 A
2938380,Div.20 A
2938386,Div.20 A
2938387,Div.20 A
2938412,Div.20 A
2938427,Div.20 A
2939720,Div.20 A
2939723,Div.20 A
2939724,Div.20 A
2939732,Div.20 A
2939733,Div.20 A
2939735,Div.20 A
2939736,Div.20 A
2939737,Div.20 A
2939740,Div.20 A
2939744,Div.20 A
2939748,Div.20 A
2939751,Div.20 A
2939752,Div.20 A
2939757,Div.20 A
2939759,Div.20 A
2949732,Div.20 A
2949733,Div.20 A
2949734,Div.20 A
2949735,Div.20 A
2949736,Div.20 A
2949737,Div.20 A
2949740,Div.20 A
2949744,Div.20 A
2949748,Div.20 A
2949751,Div.20 A
2949752,Div.20 A
2949757,Div.20 A
2950980,Div.20 A
3006016,Div.20 A
3006017,Div.20 A
3006068,Div.20 A
3006069,Div.20 A
3006116,Div.20 A
3006173,Div.20 A
3006233,Div.20 A
3006236,Div.20 A
3006251,Div.20 A
3006253,Div.20 A
3006281,Div.20 A
3006288,Div.20 A
3006307,Div.20 A
3006356,Div.20 A
3006385,Div.20 A
3006392,Div.20 A
3006395,Div.20 A
3006403,Div.20 A
3006409,Div.20 A
3006424,Div.20 A
3006451,Div.20 A
3006627,Div.20 A
3006629,Div.20 A
3006631,Div.20 A
3012016,Div.20 A
3012017,Div.20 A
3012068,Div.20 A
3012069,Div.20 A
3012116,Div.20 A
3012173,Div.20 A
3012233,Div.20 A
3012236,Div.20 A
3012251,Div.20 A
3012253,Div.20 A
3012281,Div.20 A
3012288,Div.20 A
3012307,Div.20 A
3012356,Div.20 A
3012385,Div.20 A
3012392,Div.20 A
3012395,Div.20 A
3012403,Div.20 A
3012409,Div.20 A
3012424,Div.20 A
3012451,Div.20 A
3012624,Div.20 A
3012626,Div.20 A
3019722,Div.20 A
3019753,Div.20 A
3019758,Div.20 A
3020844,Div.20 A
3020914,Div.20 A
3020990,Div.20 A
3021720,Div.20 A
3021721,Div.20 A
3021723,Div.20 A
3021724,Div.20 A
3021725,Div.20 A
3021726,Div.20 A
3021727,Div.20 A
3021728,Div.20 A
3021729,Div.20 A
3021730,Div.20 A
3021732,Div.20 A
3021733,Div.20 A
3021734,Div.20 A
3021735,Div.20 A
3021736,Div.20 A
3021737,Div.20 A
3021738,Div.20 A
3021739,Div.20 A
3021740,Div.20 A
3021741,Div.20 A
3021742,Div.20 A
3021743,Div.20 A
3021744,Div.20 A
3021746,Div.20 A
3021747,Div.20 A
3021748,Div.20 A
3021749,Div.20 A
3021750,Div.20 A
3021751,Div.20 A
3021752,Div.20 A
3021754,Div.20 A
3021756,Div.20 A
3021757,Div.20 A
3021759,Div.20 A
3021760,Div.20 A
3021761,Div.20 A
3021762,Div.20 A
3021763,Div.20 A
3021764,Div.20 A
3021765,Div.20 A
3021766,Div.20 A
3021767,Div.20 A
3021768,Div.20 A
3022801,Div.20 A
3022802,Div.20 A
3022803,Div.20 A
3022804,Div.20 A
3022840,Div.20 A
3022841,Div.20 A
3022842,Div.20 A
3022843,Div.20 A
3022860,Div.20 A
3022861,Div.20 A
3022863,Div.20 A
3022865,Div.20 A
3022902,Div.20 A
3022906,Div.20 A
3022950,Div.20 A
3022951,Div.20 A
3022956,Div.20 A
3022961,Div.20 A
3022962,Div.20 A
3022965,Div.20 A
3022971,Div.20 A
3022991,Div.20 A
3030929,Div.20 A
3030930,Div.20 A
3030931,Div.20 A
3030932,Div.20 A
3030933,Div.20 A
3030934,Div.20 A
3030937,Div.20 A
3033913,Div.20 A
3033981,Div.20 A
3033982,Div.20 A
3033983,Div.20 A
3033984,Div.20 A
3034913,Div.20 A
3034981,Div.20 A
3034982,Div.20 A
3034983,Div.20 A
3034984,Div.20 A
3034985,Div.20 A
3034988,Div.20 A
3034989,Div.20 A
3036722,Div.20 A
3036753,Div.20 A
3036755,Div.20 A
3037844,Div.20 A
3037973,Div.20 A
3037993,Div.20 A
3038016,Div.20 A
3038017,Div.20 A
3038068,Div.20 A
3038069,Div.20 A
3038116,Div.20 A
3038173,Div.20 A
3038233,Div.20 A
3038236,Div.20 A
3038251,Div.20 A
3038253,Div.20 A
3038281,Div.20 A
3038288,Div.20 A
3038307,Div.20 A
3038356,Div.20 A
3038385,Div.20 A
3038392,Div.20 A
3038395,Div.20 A
3038403,Div.20 A
3038409,Div.20 A
3038424,Div.20 A
3038451,Div.20 A
3039720,Div.20 A
3039721,Div.20 A
3039723,Div.20 A
3039724,Div.20 A
3039725,Div.20 A
3039726,Div.20 A
3039727,Div.20 A
3039728,Div.20 A
3039729,Div.20 A
3039732,Div.20 A
3039733,Div.20 A
3039734,Div.20 A
3039735,Div.20 A
3039736,Div.20 A
3039737,Div.20 A
3039740,Div.20 A
3039744,Div.20 A
3039748,Div.20 A
3039751,Div.20 A
3039752,Div.20 A
3039754,Div.20 A
3039757,Div.20 A
3039759,Div.20 A
3040801,Div.20 A
3040802,Div.20 A
3040803,Div.20 A
3040805,Div.20 A
3040806,Div.20 A
3040808,Div.20 A
3040809,Div.20 A
3040811,Div.20 A
3040812,Div.20 A
3040813,Div.20 A
3040814,Div.20 A
3040815,Div.20 A
3040817,Div.20 A
3040818,Div.20 A
3040819,Div.20 A
3040820,Div.20 A
3040821,Div.20 A
3040822,Div.20 A
3040840,Div.20 A
3040841,Div.20 A
3040842,Div.20 A
3040843,Div.20 A
3040859,Div.20 A
3040914,Div.20 A
3040915,Div.20 A
3040917,Div.20 A
3040920,Div.20 A
3040929,Div.20 A
3040930,Div.20 A
3040931,Div.20 A
3040932,Div.20 A
3040934,Div.20 A
3040935,Div.20 A
3040936,Div.20 A
3040937,Div.20 A
3040956,Div.20 A
3040961,Div.20 A
3040965,Div.20 A
3040969,Div.20 A
3040980,Div.20 A
3040981,Div.20 A
3040991,Div.20 A
3040994,Div.20 A
3040997,Div.20 A
3041913,Div.20 A
3041981,Div.20 A
3041982,Div.20 A
3041983,Div.20 A
3041984,Div.20 A
3041985,Div.20 A
3041988,Div.20 A
3041989,Div.20 A
3042913,Div.20 A
3042981,Div.20 A
3042982,Div.20 A
3042983,Div.20 A
3042984,Div.20 A
3042985,Div.20 A
3042988,Div.20 A
3046988,Div.20 A
3047913,Div.20 A
3047981,Div.20 A
3047982,Div.20 A
3047983,Div.20 A
3047984,Div.20 A
3047985,Div.20 A
3047988,Div.20 A
3047989,Div.20 A
3049732,Div.20 A
3049733,Div.20 A
3049734,Div.20 A
3049735,Div.20 A
3049736,Div.20 A
3049737,Div.20 A
3049740,Div.20 A
3049744,Div.20 A
3049748,Div.20 A
3049751,Div.20 A
3049752,Div.20 A
3049754,Div.20 A
3049757,Div.20 A
3050801,Div.20 A
3050802,Div.20 A
3050803,Div.20 A
3050805,Div.20 A
3050806,Div.20 A
3050808,Div.20 A
3050809,Div.20 A
3050811,Div.20 A
3050812,Div.20 A
3050813,Div.20 A
3050814,Div.20 A
3050815,Div.20 A
3050817,Div.20 A
3050820,Div.20 A
3050821,Div.20 A
3050822,Div.20 A
3050914,Div.20 A
3050915,Div.20 A
3050917,Div.20 A
3050919,Div.20 A
3050920,Div.20 A
3050929,Div.20 A
3050930,Div.20 A
3050931,Div.20 A
3050934,Div.20 A
3050935,Div.20 A
3050936,Div.20 A
3050956,Div.20 A
3050961,Div.20 A
3050965,Div.20 A
3050981,Div.20 A
3050991,Div.20 A
3050994,Div.20 A
3053738,Div.20 A
3053744,Div.20 A
3053748,Div.20 A
3053751,Div.20 A
3053757,Div.20 A
3054814,Div.20 A
3054815,Div.20 A
3054825,Div.20 A
3054859,Div.20 A
3054919,Div.20 A
3054920,Div.20 A
3054928,Div.20 A
3054948,Div.20 A
3054962,Div.20 A
3054994,Div.20 A
3055948,Div.20 A
3056751,Div.20 A
3056757,Div.20 A
308003,Div.20 A
308074,Div.20 A
308076,Div.20 A
308090,Div.20 A
308095,Div.20 A
308109,Div.20 A
308139,Div.20 A
308150,Div.20 A
308179,Div.20 A
308314,Div.20 A
308331,Div.20 A
308346,Div.20 A
308465,Div.20 A
308538,Div.20 A
308552,Div.20 A
308554,Div.20 A
308599,Div.20 A
308660,Div.20 A
308744,Div.20 A
3111016,Div.20 A
3111028,Div.20 A
3111108,Div.20 A
3111156,Div.20 A
3111160,Div.20 A
3111163,Div.20 A
3111259,Div.20 A
3111261,Div.20 A
3111262,Div.20 A
3111424,Div.20 A
3119753,Div.20 A
3119758,Div.20 A
3121720,Div.20 A
3121723,Div.20 A
3121725,Div.20 A
3121729,Div.20 A
3121732,Div.20 A
3121733,Div.20 A
3121735,Div.20 A
3121736,Div.20 A
3121739,Div.20 A
3121740,Div.20 A
3121742,Div.20 A
3121744,Div.20 A
3121747,Div.20 A
3121748,Div.20 A
3121751,Div.20 A
3121752,Div.20 A
3121757,Div.20 A
3121759,Div.20 A
3121760,Div.20 A
3121761,Div.20 A
3121762,Div.20 A
3121763,Div.20 A
3121764,Div.20 A
3121765,Div.20 A
3121766,Div.20 A
3121767,Div.20 A
3121768,Div.20 A
3136722,Div.20 A
3136753,Div.20 A
3136755,Div.20 A
3139720,Div.20 A
3139723,Div.20 A
3139725,Div.20 A
3139729,Div.20 A
3139732,Div.20 A
3139733,Div.20 A
3139734,Div.20 A
3139735,Div.20 A
3139736,Div.20 A
3139737,Div.20 A
3139740,Div.20 A
3139744,Div.20 A
3139748,Div.20 A
3139751,Div.20 A
3139752,Div.20 A
3139754,Div.20 A
3139757,Div.20 A
3139759,Div.20 A
3149732,Div.20 A
3149733,Div.20 A
3149734,Div.20 A
3149736,Div.20 A
3149737,Div.20 A
3149740,Div.20 A
3149744,Div.20 A
3149748,Div.20 A
3149751,Div.20 A
3149752,Div.20 A
3256751,Div.20 A
3304639,Div.20 A
3306171,Div.20 A
3306400,Div.20 A
3309016,Div.20 A
3309151,Div.20 A
3309156,Div.20 A
3309157,Div.20 A
3309159,Div.20 A
3309160,Div.20 A
3309161,Div.20 A
3309163,Div.20 A
3309165,Div.20 A
3309166,Div.20 A
3309167,Div.20 A
3309283,Div.20 A
3309341,Div.20 A
3321721,Div.20 A
3321723,Div.20 A
3321724,Div.20 A
3321725,Div.20 A
3321726,Div.20 A
3321727,Div.20 A
3321728,Div.20 A
3321730,Div.20 A
3321732,Div.20 A
3321733,Div.20 A
3321734,Div.20 A
3321735,Div.20 A
3321736,Div.20 A
3321737,Div.20 A
3321739,Div.20 A
3321740,Div.20 A
3321741,Div.20 A
3321742,Div.20 A
3321743,Div.20 A
3321746,Div.20 A
3321747,Div.20 A
3321748,Div.20 A
3321749,Div.20 A
3321750,Div.20 A
3321751,Div.20 A
3321752,Div.20 A
3321754,Div.20 A
3321756,Div.20 A
3321757,Div.20 A
3321759,Div.20 A
3321760,Div.20 A
3321761,Div.20 A
3321762,Div.20 A
3321763,Div.20 A
3321764,Div.20 A
3321765,Div.20 A
3321766,Div.20 A
3321767,Div.20 A
3321768,Div.20 A
337056,Div.20 A
337707,Div.20 A
3809348,Div.20 A
3823348,Div.20 A
3838348,Div.20 A
390060,Div.20 A
390083,Div.20 A
390084,Div.20 A
390373,Div.20 A
390374,Div.20 A
390375,Div.20 A
390376,Div.20 A
390377,Div.20 A
390396,Div.20 A
390453,Div.20 A
390471,Div.20 A
390635,Div.20 A
390636,Div.20 A
390639,Div.20 A
390640,Div.20 A
390645,Div.20 A
390646,Div.20 A
390653,Div.20 A
393071,Div.20 A
393209,Div.20 A
394183,Div.20 A
4229082,Div.20 A
4294573,Div.20 A
4294576,Div.20 A
442654,Div.20 A
443655,Div.20 A
4600084,Div.20 A
4629083,Div.20 A
490001,Div.20 A
5007000,Div.20 A
5007001,Div.20 A
5007002,Div.20 A
5007003,Div.20 A
5007004,Div.20 A
5007005,Div.20 A
5007006,Div.20 A
5007007,Div.20 A
5007008,Div.20 A
5007009,Div.20 A
5007010,Div.20 A
5007011,Div.20 A
5007012,Div.20 A
5007014,Div.20 A
5007020,Div.20 A
5007030,Div.20 A
500916,Div.20 A
500917,Div.20 A
5012000,Div.20 A
5012020,Div.20 A
5012030,Div.20 A
5067000,Div.20 A
5067001,Div.20 A
5067002,Div.20 A
5067003,Div.20 A
5067004,Div.20 A
5067005,Div.20 A
5067006,Div.20 A
5067007,Div.20 A
5067008,Div.20 A
5067010,Div.20 A
5067012,Div.20 A
5067020,Div.20 A
5070103,Div.20 A
5070106,Div.20 A
5070110,Div.20 A
5070113,Div.20 A
5070119,Div.20 A
5070125,Div.20 A
509942,Div.20 A
510503,Div.20 A
510506,Div.20 A
510520301,Div.20 A
510520302,Div.20 A
510520303,Div.20 A
510520304,Div.20 A
511905,Div.20 A
511948,Div.20 A
512948,Div.20 A
512949,Div.20 A
513102,Div.20 A
513103,Div.20 A
513111,Div.20 A
513117,Div.20 A
513124,Div.20 A
513136,Div.20 A
513182,Div.20 A
513944,Div.20 A
513945,Div.20 A
515002,Div.20 A
515011,Div.20 A
515233,Div.20 A
515247,Div.20 A
515302,Div.20 A
515311,Div.20 A
515360,Div.20 A
515361,Div.20 A
515413,Div.20 A
515481,Div.20 A
515483,Div.20 A
515541,Div.20 A
515560601,Div.20 A
515563,Div.20 A
515582,Div.20 A
515601,Div.20 A
5157106,Div.20 A
515923,Div.20 A
515944,Div.20 A
517903,Div.20 A
517904,Div.20 A
517911,Div.20 A
517922,Div.20 A
517923,Div.20 A
517930,Div.20 A
517935,Div.20 A
517941,Div.20 A
517943,Div.20 A
5188002,Div.20 A
5190603,Div.20 A
519901,Div.20 A
519904,Div.20 A
519905,Div.20 A
519909,Div.20 A
519910,Div.20 A
519920,Div.20 A
519921,Div.20 A
523657,Div.20 A
523658,Div.20 A
523659,Div.20 A
523660,Div.20 A
523905,Div.20 A
523915,Div.20 A
523920,Div.20 A
523921,Div.20 A
523922,Div.20 A
523923,Div.20 A
523926,Div.20 A
523927,Div.20 A
5240002,Div.20 A
530913,Div.20 A
530933,Div.20 A
531132,Div.20 A
531138,Div.20 A
538901,Div.20 A
538903,Div.20 A
538904,Div.20 A
538909,Div.20 A
538910,Div.20 A
538911,Div.20 A
538915,Div.20 A
538920,Div.20 A
538922,Div.20 A
538923,Div.20 A
538930,Div.20 A
538941,Div.20 A
538942,Div.20 A
538943,Div.20 A
538945,Div.20 A
5390599,Div.20 A
543915,Div.20 A
543921,Div.20 A
543922,Div.20 A
543945,Div.20 A
546915,Div.20 A
559422,Div.20 A
5633002,Div.20 A
5633004,Div.20 A
5633006,Div.20 A
5868002,Div.20 A
5868004,Div.20 A
5868006,Div.20 A
5868008,Div.20 A
5868010,Div.20 A
5868012,Div.20 A
5878002,Div.20 A
5878004,Div.20 A
5878006,Div.20 A
5973702,Div.20 A
5973703,Div.20 A
5973704,Div.20 A
5973706,Div.20 A
5973708,Div.20 A
5973710,Div.20 A
5973712,Div.20 A
5973714,Div.20 A
5973718,Div.20 A
5973719,Div.20 A
601663,Div.20 A
601664,Div.20 A
601667,Div.20 A
601669,Div.20 A
601670,Div.20 A
639000,Div.20 A
639016,Div.20 A
639018,Div.20 A
639028,Div.20 A
639130,Div.20 A
639133,Div.20 A
639135,Div.20 A
639136,Div.20 A
639171,Div.20 A
639175,Div.20 A
639259,Div.20 A
639260,Div.20 A
639269,Div.20 A
639283,Div.20 A
639369,Div.20 A
639400,Div.20 A
639478,Div.20 A
639486,Div.20 A
6433320,Div.20 A
6454001,Div.20 A
6454002,Div.20 A
6454003,Div.20 A
6530568,Div.20 A
6530570,Div.20 A
6530572,Div.20 A
6530574,Div.20 A
6660762,Div.20 A
6660763,Div.20 A
6662577,Div.20 A
6678232,Div.20 A
6678233,Div.20 A
6678234,Div.20 A
6678235,Div.20 A
690173,Div.20 A
690174,Div.20 A
6917091,Div.20 A
7000953,Div.20 A
7000954,Div.20 A
7001001,Div.20 A
7001002,Div.20 A
7001015,Div.20 A
7005170,Div.20 A
7005171,Div.20 A
7006120,Div.20 A
7006124,Div.20 A
7006125,Div.20 A
7006128,Div.20 A
7006130,Div.20 A
7006131,Div.20 A
7006205,Div.20 A
7021537,Div.20 A
7021538,Div.20 A
7021539,Div.20 A
7021540,Div.20 A
7040577,Div.20 A
7046120,Div.20 A
7046124,Div.20 A
7046125,Div.20 A
7046128,Div.20 A
7046130,Div.20 A
7079081,Div.20 A
7080081,Div.20 A
7081080,Div.20 A
7082080,Div.20 A
7083080,Div.20 A
7085080,Div.20 A
7088080,Div.20 A
7089080,Div.20 A
7090080,Div.20 A
7091080,Div.20 A
7092080,Div.20 A
7094080,Div.20 A
7096080,Div.20 A
7097016,Div.20 A
7097018,Div.20 A
7097236,Div.20 A
7097369,Div.20 A
7097478,Div.20 A
7097486,Div.20 A
7650396,Div.20 A
7650410,Div.20 A
7650411,Div.20 A
7650413,Div.20 A
7650414,Div.20 A
7650440,Div.20 A
7650459,Div.20 A
7650461,Div.20 A
7650462,Div.20 A
7650463,Div.20 A
7650464,Div.20 A
7650465,Div.20 A
7650466,Div.20 A
7650467,Div.20 A
7650468,Div.20 A
7650469,Div.20 A
7650470,Div.20 A
7650483,Div.20 A
7650484,Div.20 A
7650487,Div.20 A
7650488,Div.20 A
7650526,Div.20 A
7650535,Div.20 A
7650542,Div.20 A
7650543,Div.20 A
805721,Div.20 A
811007,Div.20 A
811016,Div.20 A
811031,Div.20 A
811032,Div.20 A
811036,Div.20 A
811038,Div.20 A
811039,Div.20 A
811041,Div.20 A
811045,Div.20 A
811056,Div.20 A
811060,Div.20 A
811063,Div.20 A
811071,Div.20 A
811112,Div.20 A
811117,Div.20 A
811171,Div.20 A
811177,Div.20 A
811191,Div.20 A
811236,Div.20 A
811255,Div.20 A
811281,Div.20 A
811320,Div.20 A
811331,Div.20 A
811332,Div.20 A
811334,Div.20 A
811337,Div.20 A
811338,Div.20 A
811340,Div.20 A
811351,Div.20 A
811358,Div.20 A
811359,Div.20 A
811366,Div.20 A
811367,Div.20 A
811391,Div.20 A
811394,Div.20 A
811400,Div.20 A
811423,Div.20 A
811427,Div.20 A
811436,Div.20 A
811449,Div.20 A
811453,Div.20 A
811492,Div.20 A
811722,Div.20 A
815007,Div.20 A
815009,Div.20 A
815010,Div.20 A
815016,Div.20 A
815023,Div.20 A
815026,Div.20 A
815031,Div.20 A
815032,Div.20 A
815036,Div.20 A
815038,Div.20 A
815039,Div.20 A
815041,Div.20 A
815045,Div.20 A
815056,Div.20 A
815057,Div.20 A
815060,Div.20 A
815063,Div.20 A
815071,Div.20 A
815112,Div.20 A
815117,Div.20 A
815171,Div.20 A
815177,Div.20 A
815180,Div.20 A
815192,Div.20 A
815201,Div.20 A
815205,Div.20 A
815236,Div.20 A
815255,Div.20 A
815271,Div.20 A
815281,Div.20 A
815282,Div.20 A
815284,Div.20 A
815305,Div.20 A
815320,Div.20 A
815331,Div.20 A
815332,Div.20 A
815334,Div.20 A
815335,Div.20 A
815337,Div.20 A
815338,Div.20 A
815339,Div.20 A
815340,Div.20 A
815351,Div.20 A
815357,Div.20 A
815358,Div.20 A
815359,Div.20 A
815366,Div.20 A
815367,Div.20 A
815391,Div.20 A
815394,Div.20 A
815400,Div.20 A
815423,Div.20 A
815427,Div.20 A
815428,Div.20 A
815436,Div.20 A
815437,Div.20 A
815449,Div.20 A
815453,Div.20 A
815492,Div.20 A
815496,Div.20 A
815725,Div.20 A
818468,Div.20 A
818723,Div.20 A
818724,Div.20 A
818737,Div.20 A
8211320,Div.20 A
825007,Div.20 A
825009,Div.20 A
825010,Div.20 A
825016,Div.20 A
825023,Div.20 A
825026,Div.20 A
825031,Div.20 A
825032,Div.20 A
825036,Div.20 A
825038,Div.20 A
825039,Div.20 A
825041,Div.20 A
825045,Div.20 A
825056,Div.20 A
825057,Div.20 A
825060,Div.20 A
825063,Div.20 A
825071,Div.20 A
825112,Div.20 A
825117,Div.20 A
825171,Div.20 A
825177,Div.20 A
825180,Div.20 A
825192,Div.20 A
825201,Div.20 A
825205,Div.20 A
825236,Div.20 A
825255,Div.20 A
825271,Div.20 A
825281,Div.20 A
825282,Div.20 A
825284,Div.20 A
825305,Div.20 A
825320,Div.20 A
825331,Div.20 A
825332,Div.20 A
825334,Div.20 A
825335,Div.20 A
825337,Div.20 A
825338,Div.20 A
825339,Div.20 A
825340,Div.20 A
825351,Div.20 A
825357,Div.20 A
825358,Div.20 A
825359,Div.20 A
825366,Div.20 A
825367,Div.20 A
825391,Div.20 A
825394,Div.20 A
825400,Div.20 A
825423,Div.20 A
825427,Div.20 A
825428,Div.20 A
825436,Div.20 A
825437,Div.20 A
825449,Div.20 A
825453,Div.20 A
825492,Div.20 A
825496,Div.20 A
838007,Div.20 A
838009,Div.20 A
838010,Div.20 A
838016,Div.20 A
838023,Div.20 A
838026,Div.20 A
838031,Div.20 A
838032,Div.20 A
838036,Div.20 A
838038,Div.20 A
838039,Div.20 A
838041,Div.20 A
838045,Div.20 A
838056,Div.20 A
838057,Div.20 A
838060,Div.20 A
838063,Div.20 A
838071,Div.20 A
838112,Div.20 A
838117,Div.20 A
838171,Div.20 A
838177,Div.20 A
838180,Div.20 A
838192,Div.20 A
838201,Div.20 A
838205,Div.20 A
838236,Div.20 A
838255,Div.20 A
838271,Div.20 A
838281,Div.20 A
838282,Div.20 A
838284,Div.20 A
838305,Div.20 A
838320,Div.20 A
838331,Div.20 A
838332,Div.20 A
838334,Div.20 A
838335,Div.20 A
838337,Div.20 A
838338,Div.20 A
838339,Div.20 A
838340,Div.20 A
838351,Div.20 A
838357,Div.20 A
838358,Div.20 A
838359,Div.20 A
838366,Div.20 A
838367,Div.20 A
838391,Div.20 A
838394,Div.20 A
838400,Div.20 A
838423,Div.20 A
838427,Div.20 A
838428,Div.20 A
838436,Div.20 A
838437,Div.20 A
838449,Div.20 A
838453,Div.20 A
838492,Div.20 A
838496,Div.20 A
843007,Div.20 A
843009,Div.20 A
843010,Div.20 A
843016,Div.20 A
843023,Div.20 A
843026,Div.20 A
843031,Div.20 A
843032,Div.20 A
843036,Div.20 A
843038,Div.20 A
843039,Div.20 A
843041,Div.20 A
843045,Div.20 A
843056,Div.20 A
843057,Div.20 A
843060,Div.20 A
843063,Div.20 A
843071,Div.20 A
843112,Div.20 A
843117,Div.20 A
843171,Div.20 A
843177,Div.20 A
843180,Div.20 A
843192,Div.20 A
843201,Div.20 A
843205,Div.20 A
843236,Div.20 A
843255,Div.20 A
843271,Div.20 A
843281,Div.20 A
843282,Div.20 A
843284,Div.20 A
843305,Div.20 A
843320,Div.20 A
843331,Div.20 A
843332,Div.20 A
843334,Div.20 A
843335,Div.20 A
843337,Div.20 A
843338,Div.20 A
843339,Div.20 A
843340,Div.20 A
843351,Div.20 A
843357,Div.20 A
843358,Div.20 A
843359,Div.20 A
843366,Div.20 A
843367,Div.20 A
843391,Div.20 A
843394,Div.20 A
843400,Div.20 A
843423,Div.20 A
843427,Div.20 A
843428,Div.20 A
843436,Div.20 A
843437,Div.20 A
843449,Div.20 A
843453,Div.20 A
843492,Div.20 A
843496,Div.20 A
846007,Div.20 A
846016,Div.20 A
846031,Div.20 A
846032,Div.20 A
846036,Div.20 A
846038,Div.20 A
846039,Div.20 A
846041,Div.20 A
846045,Div.20 A
846056,Div.20 A
846060,Div.20 A
846063,Div.20 A
846071,Div.20 A
846112,Div.20 A
846117,Div.20 A
846171,Div.20 A
846177,Div.20 A
846201,Div.20 A
846236,Div.20 A
846255,Div.20 A
846271,Div.20 A
846281,Div.20 A
846320,Div.20 A
846331,Div.20 A
846332,Div.20 A
846334,Div.20 A
846337,Div.20 A
846338,Div.20 A
846340,Div.20 A
846351,Div.20 A
846358,Div.20 A
846359,Div.20 A
846366,Div.20 A
846367,Div.20 A
846391,Div.20 A
846394,Div.20 A
846400,Div.20 A
846423,Div.20 A
846427,Div.20 A
846436,Div.20 A
846449,Div.20 A
846453,Div.20 A
846492,Div.20 A
8766009,Div.20 A
8790496,Div.20 A
8914085,Div.20 A
9900357,Div.20 A
